,tested_combination,combination_played_order,score_prediction_0,score_prediction_1,score_prediction_2
0,1 BLUE - 1 GREEN,1 BLUE - 1 GREEN,12.0,-10.0,-18.0
1,1 BLUE - 1 GREEN,1 GREEN - 1 BLUE,8.0,-2.0,-18.0
2,1 BLUE - 12 BLUE,1 BLUE - 12 BLUE,6.0,-10.0,-8.0
3,1 BLUE - 12 BLUE,12 BLUE - 1 BLUE,-16.0,-10.0,16.0
4,1 BLUE - 13 BLUE,1 BLUE - 13 BLUE,12.0,-10.0,-8.0
5,1 BLUE - 13 BLUE,13 BLUE - 1 BLUE,-14.0,-2.0,6.0
6,1 BLUE - 5 BLUE,1 BLUE - 5 BLUE,8.0,6.0,-16.0
7,1 BLUE - 5 BLUE,5 BLUE - 1 BLUE,8.0,6.0,-16.0
8,1 BLUE - 6 BLUE,1 BLUE - 6 BLUE,14.0,-10.0,-20.0
9,1 BLUE - 6 BLUE,6 BLUE - 1 BLUE,-8.0,-2.0,6.0
10,1 BLUE - 8 BLUE,1 BLUE - 8 BLUE,6.0,-10.0,-8.0
11,1 BLUE - 8 BLUE,8 BLUE - 1 BLUE,0.0,-10.0,-8.0
12,1 BLUE - 9 BLUE,1 BLUE - 9 BLUE,20.0,-10.0,-20.0
13,1 BLUE - 9 BLUE,9 BLUE - 1 BLUE,-2.0,-10.0,4.0
14,1 RED - 1 BLUE,1 BLUE - 1 RED,-10.0,22.0,-12.0
15,1 RED - 1 BLUE,1 RED - 1 BLUE,-16.0,-2.0,-12.0
16,1 RED - 10 BLUE,1 RED - 10 BLUE,-18.0,-10.0,18.0
17,1 RED - 10 BLUE,10 BLUE - 1 RED,-16.0,-2.0,18.0
18,1 RED - 11 BLUE,1 RED - 11 BLUE,-4.0,-10.0,16.0
19,1 RED - 11 BLUE,11 BLUE - 1 RED,-16.0,6.0,20.0
20,1 RED - 12 BLUE,1 RED - 12 BLUE,6.0,-10.0,-8.0
21,1 RED - 12 BLUE,12 BLUE - 1 RED,-6.0,6.0,-4.0
22,1 RED - 12 RED,1 RED - 12 RED,-18.0,-2.0,30.0
23,1 RED - 12 RED,12 RED - 1 RED,-20.0,-10.0,40.0
24,1 RED - 13 BLUE,1 RED - 13 BLUE,-2.0,-2.0,6.0
25,1 RED - 13 BLUE,13 BLUE - 1 RED,-8.0,6.0,8.0
26,1 RED - 13 RED,1 RED - 13 RED,-18.0,-2.0,30.0
27,1 RED - 13 RED,13 RED - 1 RED,-20.0,-10.0,40.0
28,1 RED - 2 BLUE,1 RED - 2 BLUE,6.0,-10.0,-8.0
29,1 RED - 2 BLUE,2 BLUE - 1 RED,6.0,-10.0,-8.0
30,1 RED - 2 RED,1 RED - 2 RED,-16.0,6.0,20.0
31,1 RED - 2 RED,2 RED - 1 RED,-16.0,6.0,20.0
32,1 RED - 3 BLUE,1 RED - 3 BLUE,-6.0,6.0,-4.0
33,1 RED - 3 BLUE,3 BLUE - 1 RED,-12.0,22.0,0.0
34,1 RED - 4 BLUE,1 RED - 4 BLUE,-20.0,-10.0,10.0
35,1 RED - 4 BLUE,4 BLUE - 1 RED,-14.0,14.0,10.0
36,1 RED - 5 BLUE,1 RED - 5 BLUE,-10.0,-10.0,-4.0
37,1 RED - 5 BLUE,5 BLUE - 1 RED,-6.0,6.0,-4.0
38,1 RED - 5 RED,1 RED - 5 RED,-18.0,-2.0,30.0
39,1 RED - 5 RED,5 RED - 1 RED,-20.0,-10.0,40.0
40,1 RED - 6 BLUE,1 RED - 6 BLUE,-6.0,6.0,-14.0
41,1 RED - 6 BLUE,6 BLUE - 1 RED,-6.0,14.0,-12.0
42,1 RED - 7 BLUE,1 RED - 7 BLUE,-16.0,-10.0,-14.0
43,1 RED - 7 BLUE,7 BLUE - 1 RED,-12.0,14.0,-12.0
44,1 RED - 8 BLUE,1 RED - 8 BLUE,-20.0,-10.0,20.0
45,1 RED - 8 BLUE,8 BLUE - 1 RED,-18.0,-2.0,20.0
46,1 RED - 9 BLUE,1 RED - 9 BLUE,-8.0,-10.0,4.0
47,1 RED - 9 BLUE,9 BLUE - 1 RED,-14.0,-2.0,6.0
48,1 RED - Jester,1 RED - Jester,-4.0,22.0,-12.0
49,1 RED - Jester,Jester - 1 RED,-10.0,22.0,-12.0
50,1 RED - Magician,1 RED - Magician,-20.0,-10.0,30.0
51,1 RED - Magician,Magician - 1 RED,-20.0,-10.0,30.0
52,10 BLUE - 1 BLUE,1 BLUE - 10 BLUE,-2.0,-10.0,4.0
53,10 BLUE - 1 BLUE,10 BLUE - 1 BLUE,-2.0,-10.0,4.0
54,10 BLUE - 1 GREEN,1 GREEN - 10 BLUE,6.0,-10.0,-18.0
55,10 BLUE - 1 GREEN,10 BLUE - 1 GREEN,-16.0,-10.0,-16.0
56,10 BLUE - 10 GREEN,10 BLUE - 10 GREEN,-8.0,6.0,-4.0
57,10 BLUE - 10 GREEN,10 GREEN - 10 BLUE,-8.0,6.0,-2.0
58,10 BLUE - 12 BLUE,10 BLUE - 12 BLUE,-14.0,-10.0,4.0
59,10 BLUE - 12 BLUE,12 BLUE - 10 BLUE,-14.0,-10.0,4.0
60,10 BLUE - 13 BLUE,10 BLUE - 13 BLUE,6.0,-10.0,-8.0
61,10 BLUE - 13 BLUE,13 BLUE - 10 BLUE,-14.0,-10.0,4.0
62,10 BLUE - 2 BLUE,10 BLUE - 2 BLUE,-6.0,6.0,-4.0
63,10 BLUE - 2 BLUE,2 BLUE - 10 BLUE,20.0,-10.0,-20.0
64,10 BLUE - 2 GREEN,10 BLUE - 2 GREEN,-16.0,6.0,-10.0
65,10 BLUE - 2 GREEN,2 GREEN - 10 BLUE,8.0,6.0,-16.0
66,10 BLUE - 3 BLUE,10 BLUE - 3 BLUE,-8.0,-10.0,4.0
67,10 BLUE - 3 BLUE,3 BLUE - 10 BLUE,8.0,-10.0,-20.0
68,10 BLUE - 3 GREEN,10 BLUE - 3 GREEN,4.0,-10.0,-6.0
69,10 BLUE - 3 GREEN,3 GREEN - 10 BLUE,12.0,-10.0,-8.0
70,10 BLUE - 4 GREEN,10 BLUE - 4 GREEN,-16.0,6.0,-14.0
71,10 BLUE - 4 GREEN,4 GREEN - 10 BLUE,-14.0,6.0,-14.0
72,10 BLUE - 5 BLUE,10 BLUE - 5 BLUE,-16.0,-2.0,8.0
73,10 BLUE - 5 BLUE,5 BLUE - 10 BLUE,-10.0,-10.0,6.0
74,10 BLUE - 5 GREEN,10 BLUE - 5 GREEN,-6.0,14.0,-12.0
75,10 BLUE - 5 GREEN,5 GREEN - 10 BLUE,2.0,14.0,-14.0
76,10 BLUE - 6 BLUE,10 BLUE - 6 BLUE,-16.0,-10.0,16.0
77,10 BLUE - 6 BLUE,6 BLUE - 10 BLUE,-8.0,-10.0,4.0
78,10 BLUE - 6 GREEN,10 BLUE - 6 GREEN,-2.0,-2.0,6.0
79,10 BLUE - 6 GREEN,6 GREEN - 10 BLUE,-2.0,-2.0,6.0
80,10 BLUE - 7 BLUE,10 BLUE - 7 BLUE,6.0,-10.0,-8.0
81,10 BLUE - 7 BLUE,7 BLUE - 10 BLUE,6.0,-10.0,-8.0
82,10 BLUE - 7 GREEN,10 BLUE - 7 GREEN,-12.0,14.0,-2.0
83,10 BLUE - 7 GREEN,7 GREEN - 10 BLUE,0.0,-2.0,-6.0
84,10 BLUE - 8 BLUE,10 BLUE - 8 BLUE,-10.0,-10.0,16.0
85,10 BLUE - 8 BLUE,8 BLUE - 10 BLUE,-10.0,-10.0,16.0
86,10 BLUE - 8 GREEN,10 BLUE - 8 GREEN,-6.0,-2.0,-16.0
87,10 BLUE - 8 GREEN,8 GREEN - 10 BLUE,-4.0,14.0,-14.0
88,10 BLUE - 9 BLUE,10 BLUE - 9 BLUE,-8.0,-2.0,6.0
89,10 BLUE - 9 BLUE,9 BLUE - 10 BLUE,-8.0,-2.0,6.0
90,10 BLUE - 9 GREEN,10 BLUE - 9 GREEN,-2.0,-10.0,-6.0
91,10 BLUE - 9 GREEN,9 GREEN - 10 BLUE,0.0,-10.0,-8.0
92,10 RED - 1 BLUE,1 BLUE - 10 RED,0.0,6.0,-4.0
93,10 RED - 1 BLUE,10 RED - 1 BLUE,-4.0,-10.0,-4.0
94,10 RED - 1 RED,1 RED - 10 RED,-18.0,-2.0,30.0
95,10 RED - 1 RED,10 RED - 1 RED,-18.0,-2.0,30.0
96,10 RED - 10 BLUE,10 BLUE - 10 RED,-16.0,6.0,10.0
97,10 RED - 10 BLUE,10 RED - 10 BLUE,-12.0,-10.0,18.0
98,10 RED - 11 BLUE,10 RED - 11 BLUE,-16.0,-10.0,6.0
99,10 RED - 11 BLUE,11 BLUE - 10 RED,-14.0,14.0,10.0
100,10 RED - 11 RED,10 RED - 11 RED,-14.0,14.0,10.0
101,10 RED - 11 RED,11 RED - 10 RED,-14.0,14.0,10.0
102,10 RED - 12 BLUE,10 RED - 12 BLUE,-18.0,-2.0,30.0
103,10 RED - 12 BLUE,12 BLUE - 10 RED,-18.0,-2.0,30.0
104,10 RED - 12 RED,10 RED - 12 RED,-18.0,-2.0,30.0
105,10 RED - 12 RED,12 RED - 10 RED,-20.0,-10.0,40.0
106,10 RED - 13 BLUE,10 RED - 13 BLUE,-20.0,-10.0,40.0
107,10 RED - 13 BLUE,13 BLUE - 10 RED,-20.0,-10.0,30.0
108,10 RED - 13 RED,10 RED - 13 RED,-16.0,6.0,20.0
109,10 RED - 13 RED,13 RED - 10 RED,-16.0,6.0,20.0
110,10 RED - 2 BLUE,10 RED - 2 BLUE,-18.0,-2.0,10.0
111,10 RED - 2 BLUE,2 BLUE - 10 RED,-14.0,14.0,10.0
112,10 RED - 2 RED,10 RED - 2 RED,-18.0,-2.0,30.0
113,10 RED - 2 RED,2 RED - 10 RED,-18.0,-2.0,30.0
114,10 RED - 3 BLUE,10 RED - 3 BLUE,-6.0,6.0,-14.0
115,10 RED - 3 BLUE,3 BLUE - 10 RED,0.0,6.0,-14.0
116,10 RED - 3 RED,10 RED - 3 RED,-12.0,-10.0,28.0
117,10 RED - 3 RED,3 RED - 10 RED,-10.0,-2.0,18.0
118,10 RED - 4 BLUE,10 RED - 4 BLUE,-10.0,-2.0,-2.0
119,10 RED - 4 BLUE,4 BLUE - 10 RED,-12.0,14.0,-2.0
120,10 RED - 5 BLUE,10 RED - 5 BLUE,-20.0,-10.0,20.0
121,10 RED - 5 BLUE,5 BLUE - 10 RED,-16.0,6.0,0.0
122,10 RED - 5 RED,10 RED - 5 RED,-16.0,6.0,20.0
123,10 RED - 5 RED,5 RED - 10 RED,-16.0,6.0,20.0
124,10 RED - 6 BLUE,10 RED - 6 BLUE,-20.0,-10.0,0.0
125,10 RED - 6 BLUE,6 BLUE - 10 RED,-12.0,22.0,0.0
126,10 RED - 7 BLUE,10 RED - 7 BLUE,-14.0,-2.0,-14.0
127,10 RED - 7 BLUE,7 BLUE - 10 RED,-10.0,22.0,-12.0
128,10 RED - 7 RED,10 RED - 7 RED,-16.0,6.0,20.0
129,10 RED - 7 RED,7 RED - 10 RED,-16.0,6.0,20.0
130,10 RED - 8 BLUE,10 RED - 8 BLUE,-8.0,6.0,-2.0
131,10 RED - 8 BLUE,8 BLUE - 10 RED,-6.0,14.0,-12.0
132,10 RED - 8 RED,10 RED - 8 RED,-16.0,6.0,20.0
133,10 RED - 8 RED,8 RED - 10 RED,-16.0,6.0,20.0
134,10 RED - 9 BLUE,10 RED - 9 BLUE,-18.0,-2.0,10.0
135,10 RED - 9 BLUE,9 BLUE - 10 RED,-14.0,14.0,10.0
136,10 RED - 9 RED,10 RED - 9 RED,-16.0,6.0,20.0
137,10 RED - 9 RED,9 RED - 10 RED,-16.0,6.0,20.0
138,10 RED - Jester,10 RED - Jester,-10.0,22.0,-12.0
139,10 RED - Jester,Jester - 10 RED,-10.0,14.0,-14.0
140,10 RED - Magician,10 RED - Magician,-16.0,6.0,20.0
141,10 RED - Magician,Magician - 10 RED,-20.0,-10.0,20.0
142,11 BLUE - 1 BLUE,1 BLUE - 11 BLUE,20.0,-10.0,-20.0
143,11 BLUE - 1 BLUE,11 BLUE - 1 BLUE,8.0,-10.0,-20.0
144,11 BLUE - 1 GREEN,1 GREEN - 11 BLUE,8.0,-10.0,-20.0
145,11 BLUE - 1 GREEN,11 BLUE - 1 GREEN,-12.0,-2.0,-16.0
146,11 BLUE - 10 BLUE,10 BLUE - 11 BLUE,-2.0,-2.0,6.0
147,11 BLUE - 10 BLUE,11 BLUE - 10 BLUE,-2.0,-2.0,6.0
148,11 BLUE - 10 GREEN,10 GREEN - 11 BLUE,0.0,-2.0,-16.0
149,11 BLUE - 10 GREEN,11 BLUE - 10 GREEN,8.0,-2.0,-18.0
150,11 BLUE - 11 GREEN,11 BLUE - 11 GREEN,-14.0,6.0,8.0
151,11 BLUE - 11 GREEN,11 GREEN - 11 BLUE,-8.0,6.0,8.0
152,11 BLUE - 12 BLUE,11 BLUE - 12 BLUE,-10.0,-10.0,16.0
153,11 BLUE - 12 BLUE,12 BLUE - 11 BLUE,-10.0,-10.0,16.0
154,11 BLUE - 13 BLUE,11 BLUE - 13 BLUE,-18.0,-10.0,28.0
155,11 BLUE - 13 BLUE,13 BLUE - 11 BLUE,-18.0,-10.0,28.0
156,11 BLUE - 2 BLUE,11 BLUE - 2 BLUE,-14.0,-2.0,6.0
157,11 BLUE - 2 BLUE,2 BLUE - 11 BLUE,6.0,-10.0,-8.0
158,11 BLUE - 2 GREEN,11 BLUE - 2 GREEN,-8.0,-2.0,-4.0
159,11 BLUE - 2 GREEN,2 GREEN - 11 BLUE,0.0,-2.0,-6.0
160,11 BLUE - 3 BLUE,11 BLUE - 3 BLUE,-8.0,-10.0,4.0
161,11 BLUE - 3 BLUE,3 BLUE - 11 BLUE,-2.0,-10.0,4.0
162,11 BLUE - 3 GREEN,11 BLUE - 3 GREEN,0.0,-2.0,-16.0
163,11 BLUE - 3 GREEN,3 GREEN - 11 BLUE,8.0,-10.0,-20.0
164,11 BLUE - 4 BLUE,11 BLUE - 4 BLUE,-8.0,-10.0,4.0
165,11 BLUE - 4 BLUE,4 BLUE - 11 BLUE,0.0,-10.0,-8.0
166,11 BLUE - 4 GREEN,11 BLUE - 4 GREEN,0.0,6.0,-4.0
167,11 BLUE - 4 GREEN,4 GREEN - 11 BLUE,6.0,-10.0,-8.0
168,11 BLUE - 5 BLUE,11 BLUE - 5 BLUE,-8.0,-10.0,4.0
169,11 BLUE - 5 BLUE,5 BLUE - 11 BLUE,-2.0,-10.0,4.0
170,11 BLUE - 5 GREEN,11 BLUE - 5 GREEN,-2.0,-10.0,-6.0
171,11 BLUE - 5 GREEN,5 GREEN - 11 BLUE,-8.0,-2.0,-6.0
172,11 BLUE - 6 BLUE,11 BLUE - 6 BLUE,-12.0,-10.0,28.0
173,11 BLUE - 6 BLUE,6 BLUE - 11 BLUE,-12.0,-10.0,28.0
174,11 BLUE - 6 GREEN,11 BLUE - 6 GREEN,-10.0,14.0,-14.0
175,11 BLUE - 6 GREEN,6 GREEN - 11 BLUE,-10.0,14.0,-14.0
176,11 BLUE - 7 BLUE,11 BLUE - 7 BLUE,-2.0,-2.0,6.0
177,11 BLUE - 7 BLUE,7 BLUE - 11 BLUE,4.0,-10.0,4.0
178,11 BLUE - 7 GREEN,11 BLUE - 7 GREEN,-10.0,-10.0,6.0
179,11 BLUE - 7 GREEN,7 GREEN - 11 BLUE,4.0,-10.0,4.0
180,11 BLUE - 8 BLUE,11 BLUE - 8 BLUE,-10.0,-10.0,16.0
181,11 BLUE - 8 BLUE,8 BLUE - 11 BLUE,-10.0,-10.0,16.0
182,11 BLUE - 8 GREEN,11 BLUE - 8 GREEN,0.0,-2.0,-6.0
183,11 BLUE - 8 GREEN,8 GREEN - 11 BLUE,-6.0,-2.0,-6.0
184,11 BLUE - 9 BLUE,11 BLUE - 9 BLUE,-10.0,-2.0,18.0
185,11 BLUE - 9 BLUE,9 BLUE - 11 BLUE,-10.0,-10.0,16.0
186,11 BLUE - 9 GREEN,11 BLUE - 9 GREEN,-2.0,-2.0,-14.0
187,11 BLUE - 9 GREEN,9 GREEN - 11 BLUE,0.0,-2.0,-16.0
188,11 RED - 1 BLUE,1 BLUE - 11 RED,-16.0,6.0,10.0
189,11 RED - 1 BLUE,11 RED - 1 BLUE,-18.0,-2.0,20.0
190,11 RED - 1 RED,1 RED - 11 RED,-16.0,6.0,20.0
191,11 RED - 1 RED,11 RED - 1 RED,-16.0,6.0,20.0
192,11 RED - 10 BLUE,10 BLUE - 11 RED,-18.0,-2.0,30.0
193,11 RED - 10 BLUE,11 RED - 10 BLUE,-12.0,-10.0,28.0
194,11 RED - 11 BLUE,11 BLUE - 11 RED,-16.0,6.0,10.0
195,11 RED - 11 BLUE,11 RED - 11 BLUE,-16.0,-2.0,8.0
196,11 RED - 12 BLUE,11 RED - 12 BLUE,-20.0,-10.0,40.0
197,11 RED - 12 BLUE,12 BLUE - 11 RED,-20.0,-10.0,30.0
198,11 RED - 12 RED,11 RED - 12 RED,-18.0,-2.0,30.0
199,11 RED - 12 RED,12 RED - 11 RED,-18.0,-2.0,30.0
200,11 RED - 13 BLUE,11 RED - 13 BLUE,-16.0,6.0,20.0
201,11 RED - 13 BLUE,13 BLUE - 11 RED,-16.0,-10.0,16.0
202,11 RED - 13 RED,11 RED - 13 RED,-18.0,-2.0,30.0
203,11 RED - 13 RED,13 RED - 11 RED,-20.0,-10.0,40.0
204,11 RED - 2 BLUE,11 RED - 2 BLUE,-18.0,-10.0,-2.0
205,11 RED - 2 BLUE,2 BLUE - 11 RED,-12.0,14.0,-2.0
206,11 RED - 2 RED,11 RED - 2 RED,-20.0,-10.0,40.0
207,11 RED - 2 RED,2 RED - 11 RED,-16.0,6.0,20.0
208,11 RED - 3 BLUE,11 RED - 3 BLUE,-10.0,-10.0,6.0
209,11 RED - 3 BLUE,3 BLUE - 11 RED,-14.0,6.0,-2.0
210,11 RED - 3 RED,11 RED - 3 RED,-20.0,-10.0,40.0
211,11 RED - 3 RED,3 RED - 11 RED,-18.0,-2.0,30.0
212,11 RED - 4 BLUE,11 RED - 4 BLUE,-14.0,14.0,-10.0
213,11 RED - 4 BLUE,4 BLUE - 11 RED,-10.0,30.0,-10.0
214,11 RED - 5 BLUE,11 RED - 5 BLUE,-18.0,-10.0,-12.0
215,11 RED - 5 BLUE,5 BLUE - 11 RED,-10.0,22.0,-12.0
216,11 RED - 5 RED,11 RED - 5 RED,-16.0,6.0,20.0
217,11 RED - 5 RED,5 RED - 11 RED,-16.0,6.0,20.0
218,11 RED - 6 BLUE,11 RED - 6 BLUE,-18.0,-2.0,30.0
219,11 RED - 6 BLUE,6 BLUE - 11 RED,-18.0,-2.0,-10.0
220,11 RED - 7 BLUE,11 RED - 7 BLUE,-8.0,-2.0,-4.0
221,11 RED - 7 BLUE,7 BLUE - 11 RED,-6.0,6.0,-4.0
222,11 RED - 7 RED,11 RED - 7 RED,-16.0,6.0,20.0
223,11 RED - 7 RED,7 RED - 11 RED,-16.0,6.0,20.0
224,11 RED - 8 BLUE,11 RED - 8 BLUE,-18.0,-2.0,20.0
225,11 RED - 8 BLUE,8 BLUE - 11 RED,-16.0,6.0,20.0
226,11 RED - 9 BLUE,11 RED - 9 BLUE,-18.0,-2.0,30.0
227,11 RED - 9 BLUE,9 BLUE - 11 RED,-18.0,-10.0,28.0
228,11 RED - 9 RED,11 RED - 9 RED,-16.0,6.0,10.0
229,11 RED - 9 RED,9 RED - 11 RED,-16.0,6.0,10.0
230,11 RED - Jester,11 RED - Jester,-10.0,30.0,-10.0
231,11 RED - Jester,Jester - 11 RED,-10.0,22.0,-12.0
232,11 RED - Magician,11 RED - Magician,-20.0,-10.0,10.0
233,11 RED - Magician,Magician - 11 RED,-20.0,-10.0,10.0
234,12 BLUE - 1 GREEN,1 GREEN - 12 BLUE,2.0,6.0,-16.0
235,12 BLUE - 1 GREEN,12 BLUE - 1 GREEN,-14.0,-2.0,-14.0
236,12 BLUE - 10 GREEN,10 GREEN - 12 BLUE,-16.0,-10.0,6.0
237,12 BLUE - 10 GREEN,12 BLUE - 10 GREEN,-8.0,-2.0,6.0
238,12 BLUE - 11 GREEN,11 GREEN - 12 BLUE,-16.0,6.0,20.0
239,12 BLUE - 11 GREEN,12 BLUE - 11 GREEN,-16.0,6.0,20.0
240,12 BLUE - 12 GREEN,12 BLUE - 12 GREEN,-6.0,-2.0,-6.0
241,12 BLUE - 12 GREEN,12 GREEN - 12 BLUE,-14.0,-2.0,-4.0
242,12 BLUE - 13 BLUE,12 BLUE - 13 BLUE,-16.0,-2.0,18.0
243,12 BLUE - 13 BLUE,13 BLUE - 12 BLUE,-16.0,-2.0,18.0
244,12 BLUE - 2 GREEN,12 BLUE - 2 GREEN,-6.0,-2.0,-6.0
245,12 BLUE - 2 GREEN,2 GREEN - 12 BLUE,6.0,-10.0,-8.0
246,12 BLUE - 3 GREEN,12 BLUE - 3 GREEN,-12.0,6.0,-4.0
247,12 BLUE - 3 GREEN,3 GREEN - 12 BLUE,0.0,-2.0,-6.0
248,12 BLUE - 4 GREEN,12 BLUE - 4 GREEN,-14.0,-2.0,6.0
249,12 BLUE - 4 GREEN,4 GREEN - 12 BLUE,-2.0,-2.0,6.0
250,12 BLUE - 5 BLUE,12 BLUE - 5 BLUE,-16.0,-2.0,18.0
251,12 BLUE - 5 BLUE,5 BLUE - 12 BLUE,0.0,-2.0,-6.0
252,12 BLUE - 5 GREEN,12 BLUE - 5 GREEN,-16.0,-2.0,-12.0
253,12 BLUE - 5 GREEN,5 GREEN - 12 BLUE,-8.0,-2.0,-18.0
254,12 BLUE - 6 BLUE,12 BLUE - 6 BLUE,-12.0,-2.0,-6.0
255,12 BLUE - 6 BLUE,6 BLUE - 12 BLUE,-6.0,-2.0,-6.0
256,12 BLUE - 6 GREEN,12 BLUE - 6 GREEN,0.0,-2.0,-16.0
257,12 BLUE - 6 GREEN,6 GREEN - 12 BLUE,0.0,-2.0,-16.0
258,12 BLUE - 7 GREEN,12 BLUE - 7 GREEN,-18.0,-2.0,10.0
259,12 BLUE - 7 GREEN,7 GREEN - 12 BLUE,-2.0,-2.0,6.0
260,12 BLUE - 8 BLUE,12 BLUE - 8 BLUE,-10.0,-10.0,16.0
261,12 BLUE - 8 BLUE,8 BLUE - 12 BLUE,-10.0,-10.0,16.0
262,12 BLUE - 8 GREEN,12 BLUE - 8 GREEN,-14.0,-10.0,-6.0
263,12 BLUE - 8 GREEN,8 GREEN - 12 BLUE,-8.0,-10.0,-8.0
264,12 BLUE - 9 BLUE,12 BLUE - 9 BLUE,-8.0,-10.0,4.0
265,12 BLUE - 9 BLUE,9 BLUE - 12 BLUE,-8.0,-10.0,4.0
266,12 BLUE - 9 GREEN,12 BLUE - 9 GREEN,-16.0,6.0,10.0
267,12 BLUE - 9 GREEN,9 GREEN - 12 BLUE,-8.0,6.0,8.0
268,12 RED - 1 BLUE,1 BLUE - 12 RED,-10.0,22.0,-12.0
269,12 RED - 1 BLUE,12 RED - 1 BLUE,-14.0,6.0,-12.0
270,12 RED - 10 BLUE,10 BLUE - 12 RED,-18.0,-2.0,30.0
271,12 RED - 10 BLUE,12 RED - 10 BLUE,-20.0,-10.0,30.0
272,12 RED - 11 BLUE,11 BLUE - 12 RED,-12.0,22.0,-10.0
273,12 RED - 11 BLUE,12 RED - 11 BLUE,-14.0,-2.0,-4.0
274,12 RED - 12 BLUE,12 BLUE - 12 RED,-18.0,-2.0,10.0
275,12 RED - 12 BLUE,12 RED - 12 BLUE,-20.0,-10.0,10.0
276,12 RED - 13 BLUE,12 RED - 13 BLUE,-18.0,-10.0,28.0
277,12 RED - 13 BLUE,13 BLUE - 12 RED,-18.0,-2.0,30.0
278,12 RED - 13 RED,12 RED - 13 RED,-20.0,-10.0,40.0
279,12 RED - 13 RED,13 RED - 12 RED,-20.0,-10.0,40.0
280,12 RED - 2 BLUE,12 RED - 2 BLUE,-14.0,-2.0,-4.0
281,12 RED - 2 BLUE,2 BLUE - 12 RED,0.0,6.0,-4.0
282,12 RED - 3 BLUE,12 RED - 3 BLUE,-10.0,14.0,-14.0
283,12 RED - 3 BLUE,3 BLUE - 12 RED,-10.0,22.0,-12.0
284,12 RED - 4 BLUE,12 RED - 4 BLUE,-12.0,-10.0,8.0
285,12 RED - 4 BLUE,4 BLUE - 12 RED,-14.0,6.0,8.0
286,12 RED - 5 BLUE,12 RED - 5 BLUE,-18.0,-2.0,30.0
287,12 RED - 5 BLUE,5 BLUE - 12 RED,-18.0,-2.0,10.0
288,12 RED - 5 RED,12 RED - 5 RED,-18.0,-2.0,30.0
289,12 RED - 5 RED,5 RED - 12 RED,-18.0,-2.0,30.0
290,12 RED - 6 BLUE,12 RED - 6 BLUE,-18.0,-10.0,-2.0
291,12 RED - 6 BLUE,6 BLUE - 12 RED,-12.0,22.0,0.0
292,12 RED - 7 BLUE,12 RED - 7 BLUE,-18.0,-10.0,18.0
293,12 RED - 7 BLUE,7 BLUE - 12 RED,-16.0,-2.0,18.0
294,12 RED - 8 BLUE,12 RED - 8 BLUE,-18.0,-2.0,10.0
295,12 RED - 8 BLUE,8 BLUE - 12 RED,-16.0,6.0,10.0
296,12 RED - 9 BLUE,12 RED - 9 BLUE,-18.0,-2.0,30.0
297,12 RED - 9 BLUE,9 BLUE - 12 RED,-18.0,-2.0,0.0
298,13 BLUE - 1 GREEN,1 GREEN - 13 BLUE,-12.0,14.0,-2.0
299,13 BLUE - 1 GREEN,13 BLUE - 1 GREEN,-12.0,22.0,0.0
300,13 BLUE - 10 GREEN,10 GREEN - 13 BLUE,-8.0,-2.0,6.0
301,13 BLUE - 10 GREEN,13 BLUE - 10 GREEN,-8.0,-2.0,6.0
302,13 BLUE - 11 GREEN,11 GREEN - 13 BLUE,-8.0,6.0,8.0
303,13 BLUE - 11 GREEN,13 BLUE - 11 GREEN,-16.0,6.0,10.0
304,13 BLUE - 12 GREEN,12 GREEN - 13 BLUE,-14.0,-2.0,6.0
305,13 BLUE - 12 GREEN,13 BLUE - 12 GREEN,-14.0,-2.0,6.0
306,13 BLUE - 13 GREEN,13 BLUE - 13 GREEN,-16.0,-2.0,18.0
307,13 BLUE - 13 GREEN,13 GREEN - 13 BLUE,-16.0,-2.0,18.0
308,13 BLUE - 2 GREEN,13 BLUE - 2 GREEN,-10.0,6.0,-16.0
309,13 BLUE - 2 GREEN,2 GREEN - 13 BLUE,8.0,6.0,-16.0
310,13 BLUE - 3 GREEN,13 BLUE - 3 GREEN,0.0,-2.0,-16.0
311,13 BLUE - 3 GREEN,3 GREEN - 13 BLUE,14.0,-2.0,-18.0
312,13 BLUE - 4 GREEN,13 BLUE - 4 GREEN,-14.0,6.0,-12.0
313,13 BLUE - 4 GREEN,4 GREEN - 13 BLUE,2.0,-2.0,-18.0
314,13 BLUE - 5 GREEN,13 BLUE - 5 GREEN,-6.0,14.0,-12.0
315,13 BLUE - 5 GREEN,5 GREEN - 13 BLUE,2.0,6.0,-16.0
316,13 BLUE - 6 BLUE,13 BLUE - 6 BLUE,-12.0,-2.0,-6.0
317,13 BLUE - 6 BLUE,6 BLUE - 13 BLUE,-4.0,-2.0,-18.0
318,13 BLUE - 6 GREEN,13 BLUE - 6 GREEN,-18.0,-10.0,8.0
319,13 BLUE - 6 GREEN,6 GREEN - 13 BLUE,-8.0,-2.0,6.0
320,13 BLUE - 7 GREEN,13 BLUE - 7 GREEN,-16.0,-2.0,18.0
321,13 BLUE - 7 GREEN,7 GREEN - 13 BLUE,-10.0,-10.0,16.0
322,13 BLUE - 8 BLUE,13 BLUE - 8 BLUE,-14.0,-10.0,4.0
323,13 BLUE - 8 BLUE,8 BLUE - 13 BLUE,-14.0,-10.0,4.0
324,13 BLUE - 8 GREEN,13 BLUE - 8 GREEN,-12.0,14.0,-12.0
325,13 BLUE - 8 GREEN,8 GREEN - 13 BLUE,-12.0,6.0,-16.0
326,13 BLUE - 9 GREEN,13 BLUE - 9 GREEN,-12.0,14.0,-12.0
327,13 BLUE - 9 GREEN,9 GREEN - 13 BLUE,-4.0,14.0,-14.0
328,13 RED - 1 BLUE,1 BLUE - 13 RED,-12.0,22.0,-10.0
329,13 RED - 1 BLUE,13 RED - 1 BLUE,-16.0,6.0,0.0
330,13 RED - 10 BLUE,10 BLUE - 13 RED,-18.0,-2.0,30.0
331,13 RED - 10 BLUE,13 RED - 10 BLUE,-20.0,-10.0,30.0
332,13 RED - 11 BLUE,11 BLUE - 13 RED,-18.0,-2.0,20.0
333,13 RED - 11 BLUE,13 RED - 11 BLUE,-18.0,-10.0,28.0
334,13 RED - 12 BLUE,12 BLUE - 13 RED,-20.0,-10.0,30.0
335,13 RED - 12 BLUE,13 RED - 12 BLUE,-20.0,-10.0,30.0
336,13 RED - 13 BLUE,13 BLUE - 13 RED,-20.0,-10.0,40.0
337,13 RED - 13 BLUE,13 RED - 13 BLUE,-20.0,-10.0,40.0
338,13 RED - 2 BLUE,13 RED - 2 BLUE,-20.0,-10.0,20.0
339,13 RED - 2 BLUE,2 BLUE - 13 RED,-16.0,6.0,0.0
340,13 RED - 3 BLUE,13 RED - 3 BLUE,-20.0,-10.0,20.0
341,13 RED - 3 BLUE,3 BLUE - 13 RED,-16.0,6.0,0.0
342,13 RED - 4 BLUE,13 RED - 4 BLUE,-14.0,6.0,-2.0
343,13 RED - 4 BLUE,4 BLUE - 13 RED,-6.0,6.0,-14.0
344,13 RED - 5 BLUE,13 RED - 5 BLUE,-14.0,14.0,10.0
345,13 RED - 5 BLUE,5 BLUE - 13 RED,-14.0,14.0,10.0
346,13 RED - 6 BLUE,13 RED - 6 BLUE,-20.0,-10.0,10.0
347,13 RED - 6 BLUE,6 BLUE - 13 RED,-16.0,6.0,10.0
348,13 RED - 7 BLUE,13 RED - 7 BLUE,-16.0,-10.0,6.0
349,13 RED - 7 BLUE,7 BLUE - 13 RED,-14.0,-2.0,6.0
350,13 RED - 8 BLUE,13 RED - 8 BLUE,-18.0,-10.0,8.0
351,13 RED - 8 BLUE,8 BLUE - 13 RED,-14.0,14.0,0.0
352,13 RED - 9 BLUE,13 RED - 9 BLUE,-18.0,-10.0,-2.0
353,13 RED - 9 BLUE,9 BLUE - 13 RED,-14.0,6.0,-12.0
354,2 BLUE - 1 BLUE,1 BLUE - 2 BLUE,14.0,-10.0,-20.0
355,2 BLUE - 1 BLUE,2 BLUE - 1 BLUE,14.0,-10.0,-20.0
356,2 BLUE - 1 GREEN,1 GREEN - 2 BLUE,14.0,-10.0,-20.0
357,2 BLUE - 1 GREEN,2 BLUE - 1 GREEN,0.0,-2.0,-16.0
358,2 BLUE - 12 BLUE,12 BLUE - 2 BLUE,-18.0,-10.0,28.0
359,2 BLUE - 12 BLUE,2 BLUE - 12 BLUE,6.0,-10.0,-8.0
360,2 BLUE - 13 BLUE,13 BLUE - 2 BLUE,-4.0,-2.0,-18.0
361,2 BLUE - 13 BLUE,2 BLUE - 13 BLUE,8.0,-2.0,-18.0
362,2 BLUE - 2 GREEN,2 BLUE - 2 GREEN,8.0,-10.0,-20.0
363,2 BLUE - 2 GREEN,2 GREEN - 2 BLUE,6.0,-10.0,-18.0
364,2 BLUE - 5 BLUE,2 BLUE - 5 BLUE,14.0,-10.0,-20.0
365,2 BLUE - 5 BLUE,5 BLUE - 2 BLUE,14.0,-10.0,-20.0
366,2 BLUE - 6 BLUE,2 BLUE - 6 BLUE,-2.0,-10.0,4.0
367,2 BLUE - 6 BLUE,6 BLUE - 2 BLUE,-10.0,-10.0,16.0
368,2 BLUE - 7 BLUE,2 BLUE - 7 BLUE,0.0,-10.0,-8.0
369,2 BLUE - 7 BLUE,7 BLUE - 2 BLUE,-6.0,-10.0,-8.0
370,2 BLUE - 8 BLUE,2 BLUE - 8 BLUE,20.0,-10.0,-20.0
371,2 BLUE - 8 BLUE,8 BLUE - 2 BLUE,14.0,-10.0,-20.0
372,2 BLUE - 9 BLUE,2 BLUE - 9 BLUE,6.0,-10.0,-8.0
373,2 BLUE - 9 BLUE,9 BLUE - 2 BLUE,-6.0,-2.0,-6.0
374,2 RED - 1 BLUE,1 BLUE - 2 RED,-4.0,6.0,-16.0
375,2 RED - 1 BLUE,2 RED - 1 BLUE,0.0,-10.0,-18.0
376,2 RED - 10 BLUE,10 BLUE - 2 RED,-14.0,6.0,8.0
377,2 RED - 10 BLUE,2 RED - 10 BLUE,-2.0,-10.0,4.0
378,2 RED - 11 BLUE,11 BLUE - 2 RED,-6.0,14.0,-2.0
379,2 RED - 11 BLUE,2 RED - 11 BLUE,4.0,-10.0,-6.0
380,2 RED - 12 BLUE,12 BLUE - 2 RED,-8.0,6.0,8.0
381,2 RED - 12 BLUE,2 RED - 12 BLUE,-2.0,-2.0,6.0
382,2 RED - 12 RED,12 RED - 2 RED,-20.0,-10.0,40.0
383,2 RED - 12 RED,2 RED - 12 RED,-20.0,-10.0,40.0
384,2 RED - 13 BLUE,13 BLUE - 2 RED,-10.0,-2.0,18.0
385,2 RED - 13 BLUE,2 RED - 13 BLUE,-10.0,-2.0,18.0
386,2 RED - 13 RED,13 RED - 2 RED,-20.0,-10.0,40.0
387,2 RED - 13 RED,2 RED - 13 RED,-18.0,-2.0,30.0
388,2 RED - 2 BLUE,2 BLUE - 2 RED,-12.0,6.0,-4.0
389,2 RED - 2 BLUE,2 RED - 2 BLUE,-4.0,-10.0,-4.0
390,2 RED - 3 BLUE,2 RED - 3 BLUE,-10.0,-10.0,6.0
391,2 RED - 3 BLUE,3 BLUE - 2 RED,-2.0,-2.0,6.0
392,2 RED - 4 BLUE,2 RED - 4 BLUE,-16.0,-10.0,-14.0
393,2 RED - 4 BLUE,4 BLUE - 2 RED,-4.0,14.0,-14.0
394,2 RED - 5 BLUE,2 RED - 5 BLUE,-10.0,-10.0,-4.0
395,2 RED - 5 BLUE,5 BLUE - 2 RED,-6.0,6.0,-4.0
396,2 RED - 5 RED,2 RED - 5 RED,-16.0,6.0,20.0
397,2 RED - 5 RED,5 RED - 2 RED,-16.0,6.0,20.0
398,2 RED - 6 BLUE,2 RED - 6 BLUE,-2.0,-10.0,4.0
399,2 RED - 6 BLUE,6 BLUE - 2 RED,-8.0,-2.0,6.0
400,2 RED - 7 BLUE,2 RED - 7 BLUE,0.0,6.0,-4.0
401,2 RED - 7 BLUE,7 BLUE - 2 RED,-12.0,6.0,-4.0
402,2 RED - 8 BLUE,2 RED - 8 BLUE,-10.0,-10.0,-4.0
403,2 RED - 8 BLUE,8 BLUE - 2 RED,-12.0,14.0,-2.0
404,2 RED - 9 BLUE,2 RED - 9 BLUE,-6.0,-10.0,-18.0
405,2 RED - 9 BLUE,9 BLUE - 2 RED,2.0,6.0,-16.0
406,2 RED - Jester,2 RED - Jester,-4.0,6.0,-16.0
407,2 RED - Jester,Jester - 2 RED,-10.0,6.0,-16.0
408,3 BLUE - 1 BLUE,1 BLUE - 3 BLUE,20.0,-10.0,-20.0
409,3 BLUE - 1 BLUE,3 BLUE - 1 BLUE,20.0,-10.0,-20.0
410,3 BLUE - 1 GREEN,1 GREEN - 3 BLUE,8.0,-2.0,-18.0
411,3 BLUE - 1 GREEN,3 BLUE - 1 GREEN,8.0,-10.0,-20.0
412,3 BLUE - 12 BLUE,12 BLUE - 3 BLUE,-10.0,-2.0,18.0
413,3 BLUE - 12 BLUE,3 BLUE - 12 BLUE,14.0,-2.0,-18.0
414,3 BLUE - 13 BLUE,13 BLUE - 3 BLUE,-16.0,6.0,20.0
415,3 BLUE - 13 BLUE,3 BLUE - 13 BLUE,0.0,-2.0,-6.0
416,3 BLUE - 2 BLUE,2 BLUE - 3 BLUE,12.0,-10.0,-8.0
417,3 BLUE - 2 BLUE,3 BLUE - 2 BLUE,12.0,-10.0,-8.0
418,3 BLUE - 2 GREEN,2 GREEN - 3 BLUE,14.0,-10.0,-20.0
419,3 BLUE - 2 GREEN,3 BLUE - 2 GREEN,14.0,-10.0,-20.0
420,3 BLUE - 3 GREEN,3 BLUE - 3 GREEN,8.0,-2.0,-18.0
421,3 BLUE - 3 GREEN,3 GREEN - 3 BLUE,0.0,-10.0,-18.0
422,3 BLUE - 5 BLUE,3 BLUE - 5 BLUE,0.0,-2.0,-6.0
423,3 BLUE - 5 BLUE,5 BLUE - 3 BLUE,-6.0,6.0,-4.0
424,3 BLUE - 6 BLUE,3 BLUE - 6 BLUE,6.0,-10.0,-8.0
425,3 BLUE - 6 BLUE,6 BLUE - 3 BLUE,6.0,-10.0,-8.0
426,3 BLUE - 7 BLUE,3 BLUE - 7 BLUE,14.0,-10.0,-20.0
427,3 BLUE - 7 BLUE,7 BLUE - 3 BLUE,14.0,-10.0,-20.0
428,3 BLUE - 8 BLUE,3 BLUE - 8 BLUE,6.0,-10.0,-8.0
429,3 BLUE - 8 BLUE,8 BLUE - 3 BLUE,-10.0,-10.0,16.0
430,3 BLUE - 9 BLUE,3 BLUE - 9 BLUE,8.0,-10.0,-20.0
431,3 BLUE - 9 BLUE,9 BLUE - 3 BLUE,-8.0,-10.0,4.0
432,3 RED - 1 BLUE,1 BLUE - 3 RED,-12.0,6.0,-4.0
433,3 RED - 1 BLUE,3 RED - 1 BLUE,-8.0,-2.0,-4.0
434,3 RED - 1 RED,1 RED - 3 RED,-18.0,-2.0,30.0
435,3 RED - 1 RED,3 RED - 1 RED,-18.0,-2.0,30.0
436,3 RED - 10 BLUE,10 BLUE - 3 RED,-10.0,14.0,-14.0
437,3 RED - 10 BLUE,3 RED - 10 BLUE,-6.0,-2.0,-16.0
438,3 RED - 11 BLUE,11 BLUE - 3 RED,-10.0,-2.0,18.0
439,3 RED - 11 BLUE,3 RED - 11 BLUE,-16.0,-2.0,18.0
440,3 RED - 12 BLUE,12 BLUE - 3 RED,-16.0,-10.0,16.0
441,3 RED - 12 BLUE,3 RED - 12 BLUE,-16.0,6.0,20.0
442,3 RED - 12 RED,12 RED - 3 RED,-18.0,-2.0,30.0
443,3 RED - 12 RED,3 RED - 12 RED,-18.0,-2.0,30.0
444,3 RED - 13 BLUE,13 BLUE - 3 RED,-20.0,-10.0,40.0
445,3 RED - 13 BLUE,3 RED - 13 BLUE,-20.0,-10.0,40.0
446,3 RED - 13 RED,13 RED - 3 RED,-18.0,-2.0,30.0
447,3 RED - 13 RED,3 RED - 13 RED,-16.0,6.0,20.0
448,3 RED - 2 BLUE,2 BLUE - 3 RED,-6.0,14.0,-12.0
449,3 RED - 2 BLUE,3 RED - 2 BLUE,0.0,6.0,-4.0
450,3 RED - 2 RED,2 RED - 3 RED,-16.0,6.0,20.0
451,3 RED - 2 RED,3 RED - 2 RED,-16.0,6.0,20.0
452,3 RED - 3 BLUE,3 BLUE - 3 RED,-14.0,6.0,8.0
453,3 RED - 3 BLUE,3 RED - 3 BLUE,-10.0,-2.0,8.0
454,3 RED - 4 BLUE,3 RED - 4 BLUE,12.0,-10.0,-8.0
455,3 RED - 4 BLUE,4 BLUE - 3 RED,0.0,-2.0,-6.0
456,3 RED - 5 BLUE,3 RED - 5 BLUE,-10.0,-10.0,-14.0
457,3 RED - 5 BLUE,5 BLUE - 3 RED,-4.0,22.0,-12.0
458,3 RED - 5 RED,3 RED - 5 RED,-14.0,6.0,8.0
459,3 RED - 5 RED,5 RED - 3 RED,-14.0,6.0,8.0
460,3 RED - 6 BLUE,3 RED - 6 BLUE,-8.0,-10.0,4.0
461,3 RED - 6 BLUE,6 BLUE - 3 RED,-14.0,6.0,8.0
462,3 RED - 7 BLUE,3 RED - 7 BLUE,0.0,-10.0,-18.0
463,3 RED - 7 BLUE,7 BLUE - 3 RED,2.0,6.0,-16.0
464,3 RED - 7 RED,3 RED - 7 RED,-14.0,14.0,10.0
465,3 RED - 7 RED,7 RED - 3 RED,-16.0,6.0,20.0
466,3 RED - 8 BLUE,3 RED - 8 BLUE,-6.0,-10.0,-8.0
467,3 RED - 8 BLUE,8 BLUE - 3 RED,6.0,-10.0,-8.0
468,3 RED - 9 BLUE,3 RED - 9 BLUE,-12.0,-10.0,8.0
469,3 RED - 9 BLUE,9 BLUE - 3 RED,-10.0,-2.0,8.0
470,3 RED - 9 RED,3 RED - 9 RED,-18.0,-2.0,30.0
471,3 RED - 9 RED,9 RED - 3 RED,-18.0,-2.0,30.0
472,3 RED - Jester,3 RED - Jester,2.0,-2.0,-18.0
473,3 RED - Jester,Jester - 3 RED,-4.0,-2.0,-18.0
474,3 RED - Magician,3 RED - Magician,-18.0,-2.0,30.0
475,3 RED - Magician,Magician - 3 RED,-20.0,-10.0,30.0
476,4 BLUE - 1 BLUE,1 BLUE - 4 BLUE,8.0,-10.0,-20.0
477,4 BLUE - 1 BLUE,4 BLUE - 1 BLUE,8.0,-10.0,-20.0
478,4 BLUE - 1 GREEN,1 GREEN - 4 BLUE,20.0,-10.0,-20.0
479,4 BLUE - 1 GREEN,4 BLUE - 1 GREEN,-2.0,-2.0,-14.0
480,4 BLUE - 10 BLUE,10 BLUE - 4 BLUE,-8.0,-10.0,4.0
481,4 BLUE - 10 BLUE,4 BLUE - 10 BLUE,0.0,-10.0,-8.0
482,4 BLUE - 12 BLUE,12 BLUE - 4 BLUE,-12.0,-2.0,-6.0
483,4 BLUE - 12 BLUE,4 BLUE - 12 BLUE,-6.0,-2.0,-6.0
484,4 BLUE - 13 BLUE,13 BLUE - 4 BLUE,-12.0,-10.0,-8.0
485,4 BLUE - 13 BLUE,4 BLUE - 13 BLUE,-6.0,-10.0,-8.0
486,4 BLUE - 2 BLUE,2 BLUE - 4 BLUE,12.0,-10.0,-8.0
487,4 BLUE - 2 BLUE,4 BLUE - 2 BLUE,12.0,-10.0,-8.0
488,4 BLUE - 2 GREEN,2 GREEN - 4 BLUE,14.0,-2.0,-18.0
489,4 BLUE - 2 GREEN,4 BLUE - 2 GREEN,0.0,-10.0,-18.0
490,4 BLUE - 3 BLUE,3 BLUE - 4 BLUE,12.0,-10.0,-8.0
491,4 BLUE - 3 BLUE,4 BLUE - 3 BLUE,12.0,-10.0,-8.0
492,4 BLUE - 3 GREEN,3 GREEN - 4 BLUE,0.0,-2.0,-16.0
493,4 BLUE - 3 GREEN,4 BLUE - 3 GREEN,6.0,-2.0,-18.0
494,4 BLUE - 4 GREEN,4 BLUE - 4 GREEN,14.0,-10.0,-20.0
495,4 BLUE - 4 GREEN,4 GREEN - 4 BLUE,-2.0,-10.0,-20.0
496,4 BLUE - 5 BLUE,4 BLUE - 5 BLUE,20.0,-10.0,-20.0
497,4 BLUE - 5 BLUE,5 BLUE - 4 BLUE,20.0,-10.0,-20.0
498,4 BLUE - 6 BLUE,4 BLUE - 6 BLUE,-10.0,-10.0,16.0
499,4 BLUE - 6 BLUE,6 BLUE - 4 BLUE,-10.0,-10.0,16.0
500,4 BLUE - 7 BLUE,4 BLUE - 7 BLUE,4.0,-10.0,4.0
501,4 BLUE - 7 BLUE,7 BLUE - 4 BLUE,-2.0,-2.0,6.0
502,4 BLUE - 8 BLUE,4 BLUE - 8 BLUE,2.0,-10.0,-20.0
503,4 BLUE - 8 BLUE,8 BLUE - 4 BLUE,2.0,-10.0,-20.0
504,4 BLUE - 9 BLUE,4 BLUE - 9 BLUE,14.0,-10.0,-20.0
505,4 BLUE - 9 BLUE,9 BLUE - 4 BLUE,-6.0,-10.0,-8.0
506,4 RED - 1 BLUE,1 BLUE - 4 RED,-4.0,22.0,-12.0
507,4 RED - 1 BLUE,4 RED - 1 BLUE,-10.0,-10.0,-14.0
508,4 RED - 1 RED,1 RED - 4 RED,-20.0,-10.0,40.0
509,4 RED - 1 RED,4 RED - 1 RED,-20.0,-10.0,40.0
510,4 RED - 10 BLUE,10 BLUE - 4 RED,-18.0,-2.0,30.0
511,4 RED - 10 BLUE,4 RED - 10 BLUE,-12.0,-10.0,28.0
512,4 RED - 10 RED,10 RED - 4 RED,-14.0,14.0,10.0
513,4 RED - 10 RED,4 RED - 10 RED,-12.0,22.0,0.0
514,4 RED - 11 BLUE,11 BLUE - 4 RED,-12.0,14.0,-2.0
515,4 RED - 11 BLUE,4 RED - 11 BLUE,-16.0,-2.0,-2.0
516,4 RED - 11 RED,11 RED - 4 RED,-20.0,-10.0,40.0
517,4 RED - 11 RED,4 RED - 11 RED,-18.0,-2.0,30.0
518,4 RED - 12 BLUE,12 BLUE - 4 RED,-10.0,30.0,-10.0
519,4 RED - 12 BLUE,4 RED - 12 BLUE,-12.0,14.0,-12.0
520,4 RED - 12 RED,12 RED - 4 RED,-18.0,-2.0,30.0
521,4 RED - 12 RED,4 RED - 12 RED,-14.0,14.0,10.0
522,4 RED - 13 BLUE,13 BLUE - 4 RED,-18.0,-2.0,30.0
523,4 RED - 13 BLUE,4 RED - 13 BLUE,-12.0,-10.0,28.0
524,4 RED - 13 RED,13 RED - 4 RED,-16.0,6.0,20.0
525,4 RED - 13 RED,4 RED - 13 RED,-14.0,14.0,10.0
526,4 RED - 2 BLUE,2 BLUE - 4 RED,-12.0,22.0,0.0
527,4 RED - 2 BLUE,4 RED - 2 BLUE,-20.0,-10.0,0.0
528,4 RED - 2 RED,2 RED - 4 RED,-16.0,-2.0,18.0
529,4 RED - 2 RED,4 RED - 2 RED,-16.0,-2.0,18.0
530,4 RED - 3 BLUE,3 BLUE - 4 RED,-16.0,6.0,20.0
531,4 RED - 3 BLUE,4 RED - 3 BLUE,-16.0,6.0,20.0
532,4 RED - 3 RED,3 RED - 4 RED,-16.0,6.0,20.0
533,4 RED - 3 RED,4 RED - 3 RED,-16.0,6.0,20.0
534,4 RED - 4 BLUE,4 BLUE - 4 RED,-14.0,14.0,10.0
535,4 RED - 4 BLUE,4 RED - 4 BLUE,-18.0,-10.0,8.0
536,4 RED - 5 BLUE,4 RED - 5 BLUE,-18.0,-2.0,10.0
537,4 RED - 5 BLUE,5 BLUE - 4 RED,-14.0,14.0,10.0
538,4 RED - 5 RED,4 RED - 5 RED,-16.0,6.0,20.0
539,4 RED - 5 RED,5 RED - 4 RED,-16.0,6.0,20.0
540,4 RED - 6 BLUE,4 RED - 6 BLUE,-10.0,-10.0,-4.0
541,4 RED - 6 BLUE,6 BLUE - 4 RED,-14.0,6.0,-2.0
542,4 RED - 7 BLUE,4 RED - 7 BLUE,-12.0,-10.0,18.0
543,4 RED - 7 BLUE,7 BLUE - 4 RED,-12.0,-10.0,18.0
544,4 RED - 7 RED,4 RED - 7 RED,-20.0,-10.0,40.0
545,4 RED - 7 RED,7 RED - 4 RED,-20.0,-10.0,40.0
546,4 RED - 8 BLUE,4 RED - 8 BLUE,-12.0,-10.0,-2.0
547,4 RED - 8 BLUE,8 BLUE - 4 RED,-6.0,14.0,-2.0
548,4 RED - 8 RED,4 RED - 8 RED,-14.0,14.0,10.0
549,4 RED - 8 RED,8 RED - 4 RED,-14.0,14.0,10.0
550,4 RED - 9 BLUE,4 RED - 9 BLUE,-8.0,-10.0,-6.0
551,4 RED - 9 BLUE,9 BLUE - 4 RED,-12.0,14.0,-2.0
552,4 RED - 9 RED,4 RED - 9 RED,-12.0,22.0,0.0
553,4 RED - 9 RED,9 RED - 4 RED,-14.0,14.0,10.0
554,4 RED - Jester,4 RED - Jester,-10.0,14.0,-14.0
555,4 RED - Jester,Jester - 4 RED,-10.0,14.0,-14.0
556,4 RED - Magician,4 RED - Magician,-18.0,-2.0,30.0
557,4 RED - Magician,Magician - 4 RED,-20.0,-10.0,30.0
558,5 BLUE - 1 GREEN,1 GREEN - 5 BLUE,2.0,-2.0,-18.0
559,5 BLUE - 1 GREEN,5 BLUE - 1 GREEN,2.0,-2.0,-18.0
560,5 BLUE - 13 BLUE,13 BLUE - 5 BLUE,-8.0,-10.0,4.0
561,5 BLUE - 13 BLUE,5 BLUE - 13 BLUE,-8.0,-10.0,4.0
562,5 BLUE - 2 GREEN,2 GREEN - 5 BLUE,8.0,-2.0,-18.0
563,5 BLUE - 2 GREEN,5 BLUE - 2 GREEN,0.0,6.0,-14.0
564,5 BLUE - 3 GREEN,3 GREEN - 5 BLUE,-2.0,-10.0,-20.0
565,5 BLUE - 3 GREEN,5 BLUE - 3 GREEN,6.0,-10.0,-18.0
566,5 BLUE - 4 GREEN,4 GREEN - 5 BLUE,8.0,-2.0,-18.0
567,5 BLUE - 4 GREEN,5 BLUE - 4 GREEN,2.0,14.0,-14.0
568,5 BLUE - 5 GREEN,5 BLUE - 5 GREEN,6.0,-2.0,-16.0
569,5 BLUE - 5 GREEN,5 GREEN - 5 BLUE,6.0,-2.0,-18.0
570,5 BLUE - 6 BLUE,5 BLUE - 6 BLUE,-8.0,-2.0,6.0
571,5 BLUE - 6 BLUE,6 BLUE - 5 BLUE,-8.0,-2.0,6.0
572,5 BLUE - 8 BLUE,5 BLUE - 8 BLUE,-14.0,-10.0,4.0
573,5 BLUE - 8 BLUE,8 BLUE - 5 BLUE,-14.0,-10.0,4.0
574,5 BLUE - 9 BLUE,5 BLUE - 9 BLUE,-4.0,-2.0,-18.0
575,5 BLUE - 9 BLUE,9 BLUE - 5 BLUE,-4.0,-2.0,-18.0
576,5 RED - 1 BLUE,1 BLUE - 5 RED,2.0,14.0,-14.0
577,5 RED - 1 BLUE,5 RED - 1 BLUE,-2.0,-10.0,-16.0
578,5 RED - 10 BLUE,10 BLUE - 5 RED,-10.0,-2.0,18.0
579,5 RED - 10 BLUE,5 RED - 10 BLUE,-12.0,-10.0,18.0
580,5 RED - 11 BLUE,11 BLUE - 5 RED,-18.0,-2.0,20.0
581,5 RED - 11 BLUE,5 RED - 11 BLUE,-18.0,-10.0,28.0
582,5 RED - 12 BLUE,12 BLUE - 5 RED,-16.0,6.0,20.0
583,5 RED - 12 BLUE,5 RED - 12 BLUE,-10.0,-10.0,16.0
584,5 RED - 13 BLUE,13 BLUE - 5 RED,-16.0,6.0,20.0
585,5 RED - 13 BLUE,5 RED - 13 BLUE,-16.0,-2.0,18.0
586,5 RED - 13 RED,13 RED - 5 RED,-16.0,6.0,20.0
587,5 RED - 13 RED,5 RED - 13 RED,-16.0,-2.0,18.0
588,5 RED - 2 BLUE,2 BLUE - 5 RED,-12.0,6.0,-4.0
589,5 RED - 2 BLUE,5 RED - 2 BLUE,-14.0,-10.0,-6.0
590,5 RED - 3 BLUE,3 BLUE - 5 RED,-14.0,14.0,0.0
591,5 RED - 3 BLUE,5 RED - 3 BLUE,-18.0,-2.0,10.0
592,5 RED - 4 BLUE,4 BLUE - 5 RED,-6.0,6.0,-4.0
593,5 RED - 4 BLUE,5 RED - 4 BLUE,-8.0,-2.0,-4.0
594,5 RED - 5 BLUE,5 BLUE - 5 RED,-12.0,22.0,0.0
595,5 RED - 5 BLUE,5 RED - 5 BLUE,-12.0,-10.0,-2.0
596,5 RED - 6 BLUE,5 RED - 6 BLUE,-18.0,-10.0,8.0
597,5 RED - 6 BLUE,6 BLUE - 5 RED,-8.0,6.0,8.0
598,5 RED - 7 BLUE,5 RED - 7 BLUE,-2.0,-10.0,-6.0
599,5 RED - 7 BLUE,7 BLUE - 5 RED,0.0,-2.0,-6.0
600,5 RED - 8 BLUE,5 RED - 8 BLUE,-2.0,-2.0,-4.0
601,5 RED - 8 BLUE,8 BLUE - 5 RED,-12.0,14.0,-2.0
602,5 RED - 9 BLUE,5 RED - 9 BLUE,-8.0,-2.0,-4.0
603,5 RED - 9 BLUE,9 BLUE - 5 RED,-12.0,14.0,-2.0
604,6 BLUE - 1 GREEN,1 GREEN - 6 BLUE,2.0,6.0,-16.0
605,6 BLUE - 1 GREEN,6 BLUE - 1 GREEN,6.0,-2.0,-16.0
606,6 BLUE - 2 GREEN,2 GREEN - 6 BLUE,14.0,-10.0,-20.0
607,6 BLUE - 2 GREEN,6 BLUE - 2 GREEN,8.0,-2.0,-18.0
608,6 BLUE - 3 GREEN,3 GREEN - 6 BLUE,6.0,-10.0,-18.0
609,6 BLUE - 3 GREEN,6 BLUE - 3 GREEN,20.0,-10.0,-20.0
610,6 BLUE - 4 GREEN,4 GREEN - 6 BLUE,0.0,-2.0,-6.0
611,6 BLUE - 4 GREEN,6 BLUE - 4 GREEN,0.0,-2.0,-6.0
612,6 BLUE - 5 GREEN,5 GREEN - 6 BLUE,-6.0,-2.0,-16.0
613,6 BLUE - 5 GREEN,6 BLUE - 5 GREEN,-6.0,-2.0,-16.0
614,6 BLUE - 6 GREEN,6 BLUE - 6 GREEN,0.0,6.0,-14.0
615,6 BLUE - 6 GREEN,6 GREEN - 6 BLUE,2.0,-2.0,-18.0
616,6 BLUE - 8 BLUE,6 BLUE - 8 BLUE,0.0,-2.0,-6.0
617,6 BLUE - 8 BLUE,8 BLUE - 6 BLUE,0.0,-2.0,-6.0
618,6 RED - 1 BLUE,1 BLUE - 6 RED,-14.0,6.0,-2.0
619,6 RED - 1 BLUE,6 RED - 1 BLUE,-10.0,-10.0,6.0
620,6 RED - 1 RED,1 RED - 6 RED,-16.0,6.0,20.0
621,6 RED - 1 RED,6 RED - 1 RED,-16.0,6.0,20.0
622,6 RED - 10 BLUE,10 BLUE - 6 RED,-6.0,6.0,-4.0
623,6 RED - 10 BLUE,6 RED - 10 BLUE,4.0,-10.0,-6.0
624,6 RED - 10 RED,10 RED - 6 RED,-18.0,-10.0,28.0
625,6 RED - 10 RED,6 RED - 10 RED,-18.0,-10.0,28.0
626,6 RED - 11 BLUE,11 BLUE - 6 RED,-10.0,-10.0,6.0
627,6 RED - 11 BLUE,6 RED - 11 BLUE,-4.0,-10.0,6.0
628,6 RED - 11 RED,11 RED - 6 RED,-16.0,6.0,20.0
629,6 RED - 11 RED,6 RED - 11 RED,-14.0,14.0,10.0
630,6 RED - 12 BLUE,12 BLUE - 6 RED,-14.0,14.0,10.0
631,6 RED - 12 BLUE,6 RED - 12 BLUE,-14.0,-10.0,4.0
632,6 RED - 12 RED,12 RED - 6 RED,-16.0,6.0,20.0
633,6 RED - 12 RED,6 RED - 12 RED,-10.0,-2.0,18.0
634,6 RED - 13 BLUE,13 BLUE - 6 RED,-18.0,-2.0,30.0
635,6 RED - 13 BLUE,6 RED - 13 BLUE,-12.0,-10.0,28.0
636,6 RED - 13 RED,13 RED - 6 RED,-16.0,6.0,20.0
637,6 RED - 13 RED,6 RED - 13 RED,-14.0,6.0,8.0
638,6 RED - 2 BLUE,2 BLUE - 6 RED,-6.0,14.0,-2.0
639,6 RED - 2 BLUE,6 RED - 2 BLUE,-10.0,-2.0,-2.0
640,6 RED - 2 RED,2 RED - 6 RED,-14.0,14.0,10.0
641,6 RED - 2 RED,6 RED - 2 RED,-14.0,14.0,10.0
642,6 RED - 3 BLUE,3 BLUE - 6 RED,-6.0,-2.0,-6.0
643,6 RED - 3 BLUE,6 RED - 3 BLUE,-2.0,-10.0,-6.0
644,6 RED - 3 RED,3 RED - 6 RED,-20.0,-10.0,40.0
645,6 RED - 3 RED,6 RED - 3 RED,-20.0,-10.0,40.0
646,6 RED - 4 BLUE,4 BLUE - 6 RED,-10.0,-2.0,18.0
647,6 RED - 4 BLUE,6 RED - 4 BLUE,-12.0,-10.0,18.0
648,6 RED - 4 RED,4 RED - 6 RED,-16.0,-2.0,18.0
649,6 RED - 4 RED,6 RED - 4 RED,-16.0,-2.0,18.0
650,6 RED - 5 BLUE,5 BLUE - 6 RED,-10.0,22.0,-12.0
651,6 RED - 5 BLUE,6 RED - 5 BLUE,-10.0,-10.0,-14.0
652,6 RED - 5 RED,5 RED - 6 RED,-20.0,-10.0,40.0
653,6 RED - 5 RED,6 RED - 5 RED,-20.0,-10.0,40.0
654,6 RED - 6 BLUE,6 BLUE - 6 RED,-16.0,6.0,10.0
655,6 RED - 6 BLUE,6 RED - 6 BLUE,-20.0,-10.0,10.0
656,6 RED - 7 BLUE,6 RED - 7 BLUE,-8.0,-2.0,6.0
657,6 RED - 7 BLUE,7 BLUE - 6 RED,-14.0,6.0,8.0
658,6 RED - 7 RED,6 RED - 7 RED,-20.0,-10.0,40.0
659,6 RED - 7 RED,7 RED - 6 RED,-20.0,-10.0,40.0
660,6 RED - 8 BLUE,6 RED - 8 BLUE,-20.0,-10.0,10.0
661,6 RED - 8 BLUE,8 BLUE - 6 RED,-14.0,14.0,10.0
662,6 RED - 8 RED,6 RED - 8 RED,-16.0,6.0,20.0
663,6 RED - 8 RED,8 RED - 6 RED,-16.0,6.0,20.0
664,6 RED - 9 BLUE,6 RED - 9 BLUE,-20.0,-10.0,30.0
665,6 RED - 9 BLUE,9 BLUE - 6 RED,-20.0,-10.0,30.0
666,6 RED - 9 RED,6 RED - 9 RED,-16.0,6.0,20.0
667,6 RED - 9 RED,9 RED - 6 RED,-16.0,6.0,20.0
668,6 RED - Jester,6 RED - Jester,-4.0,14.0,-14.0
669,6 RED - Jester,Jester - 6 RED,-10.0,14.0,-14.0
670,6 RED - Magician,6 RED - Magician,-18.0,-2.0,30.0
671,6 RED - Magician,Magician - 6 RED,-20.0,-10.0,30.0
672,7 BLUE - 1 BLUE,1 BLUE - 7 BLUE,-4.0,-10.0,16.0
673,7 BLUE - 1 BLUE,7 BLUE - 1 BLUE,-4.0,-10.0,16.0
674,7 BLUE - 1 GREEN,1 GREEN - 7 BLUE,14.0,-10.0,-20.0
675,7 BLUE - 1 GREEN,7 BLUE - 1 GREEN,-4.0,-2.0,-18.0
676,7 BLUE - 12 BLUE,12 BLUE - 7 BLUE,-10.0,-10.0,6.0
677,7 BLUE - 12 BLUE,7 BLUE - 12 BLUE,-10.0,-10.0,6.0
678,7 BLUE - 13 BLUE,13 BLUE - 7 BLUE,-10.0,-2.0,18.0
679,7 BLUE - 13 BLUE,7 BLUE - 13 BLUE,-10.0,-2.0,18.0
680,7 BLUE - 2 GREEN,2 GREEN - 7 BLUE,0.0,-2.0,-16.0
681,7 BLUE - 2 GREEN,7 BLUE - 2 GREEN,8.0,-2.0,-18.0
682,7 BLUE - 3 GREEN,3 GREEN - 7 BLUE,20.0,-10.0,-20.0
683,7 BLUE - 3 GREEN,7 BLUE - 3 GREEN,6.0,-10.0,-18.0
684,7 BLUE - 4 GREEN,4 GREEN - 7 BLUE,6.0,-10.0,-20.0
685,7 BLUE - 4 GREEN,7 BLUE - 4 GREEN,-12.0,-2.0,-16.0
686,7 BLUE - 5 BLUE,5 BLUE - 7 BLUE,4.0,-10.0,4.0
687,7 BLUE - 5 BLUE,7 BLUE - 5 BLUE,4.0,-10.0,4.0
688,7 BLUE - 5 GREEN,5 GREEN - 7 BLUE,12.0,-10.0,-8.0
689,7 BLUE - 5 GREEN,7 BLUE - 5 GREEN,-10.0,-2.0,-2.0
690,7 BLUE - 6 BLUE,6 BLUE - 7 BLUE,6.0,-10.0,-8.0
691,7 BLUE - 6 BLUE,7 BLUE - 6 BLUE,6.0,-10.0,-8.0
692,7 BLUE - 6 GREEN,6 GREEN - 7 BLUE,6.0,-10.0,-18.0
693,7 BLUE - 6 GREEN,7 BLUE - 6 GREEN,-16.0,-10.0,-18.0
694,7 BLUE - 7 GREEN,7 BLUE - 7 GREEN,-8.0,6.0,-12.0
695,7 BLUE - 7 GREEN,7 GREEN - 7 BLUE,0.0,6.0,-14.0
696,7 BLUE - 8 BLUE,7 BLUE - 8 BLUE,-8.0,-2.0,6.0
697,7 BLUE - 8 BLUE,8 BLUE - 7 BLUE,-8.0,-2.0,6.0
698,7 BLUE - 9 BLUE,7 BLUE - 9 BLUE,14.0,-10.0,-20.0
699,7 BLUE - 9 BLUE,9 BLUE - 7 BLUE,14.0,-10.0,-20.0
700,7 RED - 1 BLUE,1 BLUE - 7 RED,-4.0,14.0,-14.0
701,7 RED - 1 BLUE,7 RED - 1 BLUE,-4.0,-10.0,-14.0
702,7 RED - 1 RED,1 RED - 7 RED,-20.0,-10.0,40.0
703,7 RED - 1 RED,7 RED - 1 RED,-20.0,-10.0,40.0
704,7 RED - 10 BLUE,10 BLUE - 7 RED,-14.0,14.0,10.0
705,7 RED - 10 BLUE,7 RED - 10 BLUE,-4.0,-10.0,6.0
706,7 RED - 11 BLUE,11 BLUE - 7 RED,-14.0,6.0,8.0
707,7 RED - 11 BLUE,7 RED - 11 BLUE,-16.0,-10.0,6.0
708,7 RED - 12 BLUE,12 BLUE - 7 RED,-18.0,-2.0,30.0
709,7 RED - 12 BLUE,7 RED - 12 BLUE,-18.0,-10.0,28.0
710,7 RED - 12 RED,12 RED - 7 RED,-20.0,-10.0,40.0
711,7 RED - 12 RED,7 RED - 12 RED,-20.0,-10.0,40.0
712,7 RED - 13 BLUE,13 BLUE - 7 RED,-16.0,6.0,10.0
713,7 RED - 13 BLUE,7 RED - 13 BLUE,-16.0,-10.0,16.0
714,7 RED - 13 RED,13 RED - 7 RED,-16.0,6.0,20.0
715,7 RED - 13 RED,7 RED - 13 RED,-14.0,14.0,10.0
716,7 RED - 2 BLUE,2 BLUE - 7 RED,-4.0,22.0,-12.0
717,7 RED - 2 BLUE,7 RED - 2 BLUE,-8.0,-2.0,-14.0
718,7 RED - 2 RED,2 RED - 7 RED,-18.0,-2.0,30.0
719,7 RED - 2 RED,7 RED - 2 RED,-18.0,-2.0,30.0
720,7 RED - 3 BLUE,3 BLUE - 7 RED,-12.0,14.0,-2.0
721,7 RED - 3 BLUE,7 RED - 3 BLUE,-18.0,-10.0,-2.0
722,7 RED - 4 BLUE,4 BLUE - 7 RED,-16.0,6.0,0.0
723,7 RED - 4 BLUE,7 RED - 4 BLUE,-20.0,-10.0,20.0
724,7 RED - 5 BLUE,5 BLUE - 7 RED,-8.0,6.0,8.0
725,7 RED - 5 BLUE,7 RED - 5 BLUE,-12.0,-10.0,8.0
726,7 RED - 5 RED,5 RED - 7 RED,-16.0,6.0,20.0
727,7 RED - 5 RED,7 RED - 5 RED,-16.0,6.0,20.0
728,7 RED - 6 BLUE,6 BLUE - 7 RED,-16.0,-2.0,18.0
729,7 RED - 6 BLUE,7 RED - 6 BLUE,-10.0,-2.0,18.0
730,7 RED - 7 BLUE,7 BLUE - 7 RED,-14.0,14.0,10.0
731,7 RED - 7 BLUE,7 RED - 7 BLUE,-18.0,-2.0,10.0
732,7 RED - 8 BLUE,7 RED - 8 BLUE,-18.0,-10.0,8.0
733,7 RED - 8 BLUE,8 BLUE - 7 RED,-14.0,14.0,10.0
734,7 RED - 9 BLUE,7 RED - 9 BLUE,-20.0,-10.0,20.0
735,7 RED - 9 BLUE,9 BLUE - 7 RED,-16.0,6.0,20.0
736,7 RED - Jester,7 RED - Jester,-10.0,30.0,-10.0
737,7 RED - Jester,Jester - 7 RED,-10.0,30.0,-10.0
738,7 RED - Magician,7 RED - Magician,-18.0,-2.0,30.0
739,7 RED - Magician,Magician - 7 RED,-18.0,-2.0,30.0
740,8 BLUE - 1 GREEN,1 GREEN - 8 BLUE,-8.0,6.0,-12.0
741,8 BLUE - 1 GREEN,8 BLUE - 1 GREEN,2.0,6.0,-16.0
742,8 BLUE - 2 GREEN,2 GREEN - 8 BLUE,4.0,-10.0,-6.0
743,8 BLUE - 2 GREEN,8 BLUE - 2 GREEN,6.0,-10.0,-8.0
744,8 BLUE - 3 GREEN,3 GREEN - 8 BLUE,8.0,-2.0,-18.0
745,8 BLUE - 3 GREEN,8 BLUE - 3 GREEN,-6.0,6.0,-14.0
746,8 BLUE - 4 GREEN,4 GREEN - 8 BLUE,0.0,-2.0,-6.0
747,8 BLUE - 4 GREEN,8 BLUE - 4 GREEN,-16.0,-2.0,-2.0
748,8 BLUE - 5 GREEN,5 GREEN - 8 BLUE,20.0,-10.0,-20.0
749,8 BLUE - 5 GREEN,8 BLUE - 5 GREEN,-2.0,-10.0,-16.0
750,8 BLUE - 6 GREEN,6 GREEN - 8 BLUE,-14.0,-2.0,6.0
751,8 BLUE - 6 GREEN,8 BLUE - 6 GREEN,-14.0,-2.0,6.0
752,8 BLUE - 7 GREEN,7 GREEN - 8 BLUE,-6.0,6.0,-14.0
753,8 BLUE - 7 GREEN,8 BLUE - 7 GREEN,-6.0,6.0,-14.0
754,8 BLUE - 8 GREEN,8 BLUE - 8 GREEN,-16.0,6.0,-2.0
755,8 BLUE - 8 GREEN,8 GREEN - 8 BLUE,-8.0,6.0,-2.0
756,8 RED - 1 BLUE,1 BLUE - 8 RED,-10.0,22.0,-12.0
757,8 RED - 1 BLUE,8 RED - 1 BLUE,-4.0,6.0,-16.0
758,8 RED - 1 RED,1 RED - 8 RED,-18.0,-2.0,30.0
759,8 RED - 1 RED,8 RED - 1 RED,-18.0,-2.0,30.0
760,8 RED - 10 BLUE,10 BLUE - 8 RED,-16.0,6.0,0.0
761,8 RED - 10 BLUE,8 RED - 10 BLUE,-18.0,-10.0,18.0
762,8 RED - 11 BLUE,11 BLUE - 8 RED,-14.0,6.0,8.0
763,8 RED - 11 BLUE,8 RED - 11 BLUE,-14.0,6.0,8.0
764,8 RED - 11 RED,11 RED - 8 RED,-18.0,-2.0,30.0
765,8 RED - 11 RED,8 RED - 11 RED,-18.0,-2.0,30.0
766,8 RED - 12 BLUE,12 BLUE - 8 RED,-20.0,-10.0,40.0
767,8 RED - 12 BLUE,8 RED - 12 BLUE,-20.0,-10.0,40.0
768,8 RED - 12 RED,12 RED - 8 RED,-18.0,-2.0,30.0
769,8 RED - 12 RED,8 RED - 12 RED,-18.0,-2.0,30.0
770,8 RED - 13 BLUE,13 BLUE - 8 RED,-18.0,-2.0,30.0
771,8 RED - 13 BLUE,8 RED - 13 BLUE,-18.0,-10.0,28.0
772,8 RED - 13 RED,13 RED - 8 RED,-18.0,-2.0,30.0
773,8 RED - 13 RED,8 RED - 13 RED,-16.0,6.0,20.0
774,8 RED - 2 BLUE,2 BLUE - 8 RED,-4.0,22.0,-12.0
775,8 RED - 2 BLUE,8 RED - 2 BLUE,-16.0,-2.0,-12.0
776,8 RED - 2 RED,2 RED - 8 RED,-16.0,6.0,20.0
777,8 RED - 2 RED,8 RED - 2 RED,-16.0,6.0,20.0
778,8 RED - 3 BLUE,3 BLUE - 8 RED,-10.0,30.0,-10.0
779,8 RED - 3 BLUE,8 RED - 3 BLUE,-16.0,6.0,-10.0
780,8 RED - 3 RED,3 RED - 8 RED,-16.0,6.0,20.0
781,8 RED - 3 RED,8 RED - 3 RED,-16.0,6.0,20.0
782,8 RED - 4 BLUE,4 BLUE - 8 RED,-8.0,-2.0,-4.0
783,8 RED - 4 BLUE,8 RED - 4 BLUE,-10.0,-10.0,6.0
784,8 RED - 5 BLUE,5 BLUE - 8 RED,-6.0,14.0,-2.0
785,8 RED - 5 BLUE,8 RED - 5 BLUE,-12.0,-10.0,-2.0
786,8 RED - 5 RED,5 RED - 8 RED,-16.0,6.0,20.0
787,8 RED - 5 RED,8 RED - 5 RED,-16.0,6.0,20.0
788,8 RED - 6 BLUE,6 BLUE - 8 RED,-18.0,-10.0,8.0
789,8 RED - 6 BLUE,8 RED - 6 BLUE,-18.0,-10.0,18.0
790,8 RED - 7 BLUE,7 BLUE - 8 RED,-16.0,-2.0,18.0
791,8 RED - 7 BLUE,8 RED - 7 BLUE,-16.0,-2.0,18.0
792,8 RED - 7 RED,7 RED - 8 RED,-16.0,6.0,20.0
793,8 RED - 7 RED,8 RED - 7 RED,-16.0,6.0,20.0
794,8 RED - 8 BLUE,8 BLUE - 8 RED,-12.0,14.0,-2.0
795,8 RED - 8 BLUE,8 RED - 8 BLUE,-6.0,6.0,-4.0
796,8 RED - 9 BLUE,8 RED - 9 BLUE,-10.0,-2.0,-12.0
797,8 RED - 9 BLUE,9 BLUE - 8 RED,-10.0,30.0,-10.0
798,8 RED - 9 RED,8 RED - 9 RED,-18.0,-10.0,28.0
799,8 RED - 9 RED,9 RED - 8 RED,-18.0,-10.0,28.0
800,8 RED - Jester,8 RED - Jester,-4.0,6.0,-16.0
801,8 RED - Jester,Jester - 8 RED,-10.0,6.0,-16.0
802,8 RED - Magician,8 RED - Magician,-20.0,-10.0,30.0
803,8 RED - Magician,Magician - 8 RED,-20.0,-10.0,30.0
804,9 BLUE - 1 GREEN,1 GREEN - 9 BLUE,2.0,6.0,-16.0
805,9 BLUE - 1 GREEN,9 BLUE - 1 GREEN,-4.0,14.0,-14.0
806,9 BLUE - 13 BLUE,13 BLUE - 9 BLUE,-18.0,-10.0,28.0
807,9 BLUE - 13 BLUE,9 BLUE - 13 BLUE,-18.0,-10.0,28.0
808,9 BLUE - 2 GREEN,2 GREEN - 9 BLUE,4.0,-10.0,-6.0
809,9 BLUE - 2 GREEN,9 BLUE - 2 GREEN,-2.0,-2.0,-6.0
810,9 BLUE - 3 GREEN,3 GREEN - 9 BLUE,-2.0,-2.0,-4.0
811,9 BLUE - 3 GREEN,9 BLUE - 3 GREEN,0.0,-2.0,-6.0
812,9 BLUE - 4 GREEN,4 GREEN - 9 BLUE,-4.0,-10.0,-4.0
813,9 BLUE - 4 GREEN,9 BLUE - 4 GREEN,0.0,-2.0,-6.0
814,9 BLUE - 5 GREEN,5 GREEN - 9 BLUE,8.0,-10.0,-20.0
815,9 BLUE - 5 GREEN,9 BLUE - 5 GREEN,6.0,-10.0,-18.0
816,9 BLUE - 6 BLUE,6 BLUE - 9 BLUE,14.0,-10.0,-20.0
817,9 BLUE - 6 BLUE,9 BLUE - 6 BLUE,6.0,-10.0,-8.0
818,9 BLUE - 6 GREEN,6 GREEN - 9 BLUE,-8.0,-10.0,-18.0
819,9 BLUE - 6 GREEN,9 BLUE - 6 GREEN,-2.0,-10.0,-16.0
820,9 BLUE - 7 GREEN,7 GREEN - 9 BLUE,-4.0,-10.0,16.0
821,9 BLUE - 7 GREEN,9 BLUE - 7 GREEN,-10.0,-2.0,18.0
822,9 BLUE - 8 BLUE,8 BLUE - 9 BLUE,8.0,-2.0,-18.0
823,9 BLUE - 8 BLUE,9 BLUE - 8 BLUE,8.0,-2.0,-18.0
824,9 BLUE - 8 GREEN,8 GREEN - 9 BLUE,8.0,-2.0,-18.0
825,9 BLUE - 8 GREEN,9 BLUE - 8 GREEN,-6.0,6.0,-14.0
826,9 BLUE - 9 GREEN,9 BLUE - 9 GREEN,-2.0,-10.0,-6.0
827,9 BLUE - 9 GREEN,9 GREEN - 9 BLUE,-10.0,-10.0,-8.0
828,9 RED - 1 BLUE,1 BLUE - 9 RED,-4.0,14.0,-14.0
829,9 RED - 1 BLUE,9 RED - 1 BLUE,-10.0,-2.0,-12.0
830,9 RED - 1 RED,1 RED - 9 RED,-16.0,6.0,20.0
831,9 RED - 1 RED,9 RED - 1 RED,-20.0,-10.0,40.0
832,9 RED - 10 BLUE,10 BLUE - 9 RED,-6.0,14.0,-2.0
833,9 RED - 10 BLUE,9 RED - 10 BLUE,-8.0,-2.0,-4.0
834,9 RED - 11 BLUE,11 BLUE - 9 RED,-18.0,-10.0,18.0
835,9 RED - 11 BLUE,9 RED - 11 BLUE,-18.0,-10.0,28.0
836,9 RED - 12 BLUE,12 BLUE - 9 RED,-18.0,-2.0,30.0
837,9 RED - 12 BLUE,9 RED - 12 BLUE,-12.0,-10.0,28.0
838,9 RED - 12 RED,12 RED - 9 RED,-18.0,-2.0,30.0
839,9 RED - 12 RED,9 RED - 12 RED,-18.0,-2.0,30.0
840,9 RED - 13 BLUE,13 BLUE - 9 RED,-20.0,-10.0,20.0
841,9 RED - 13 BLUE,9 RED - 13 BLUE,-20.0,-10.0,40.0
842,9 RED - 13 RED,13 RED - 9 RED,-20.0,-10.0,40.0
843,9 RED - 13 RED,9 RED - 13 RED,-20.0,-10.0,40.0
844,9 RED - 2 BLUE,2 BLUE - 9 RED,0.0,-2.0,-6.0
845,9 RED - 2 BLUE,9 RED - 2 BLUE,-8.0,-10.0,-6.0
846,9 RED - 2 RED,2 RED - 9 RED,-16.0,6.0,20.0
847,9 RED - 2 RED,9 RED - 2 RED,-18.0,-2.0,30.0
848,9 RED - 3 BLUE,3 BLUE - 9 RED,0.0,6.0,-4.0
849,9 RED - 3 BLUE,9 RED - 3 BLUE,-2.0,-2.0,-4.0
850,9 RED - 4 BLUE,4 BLUE - 9 RED,-8.0,6.0,-2.0
851,9 RED - 4 BLUE,9 RED - 4 BLUE,-16.0,-10.0,6.0
852,9 RED - 5 BLUE,5 BLUE - 9 RED,-6.0,-2.0,-6.0
853,9 RED - 5 BLUE,9 RED - 5 BLUE,0.0,-2.0,-6.0
854,9 RED - 5 RED,5 RED - 9 RED,-16.0,6.0,20.0
855,9 RED - 5 RED,9 RED - 5 RED,-18.0,-2.0,30.0
856,9 RED - 6 BLUE,6 BLUE - 9 RED,-18.0,-2.0,20.0
857,9 RED - 6 BLUE,9 RED - 6 BLUE,-20.0,-10.0,20.0
858,9 RED - 7 BLUE,7 BLUE - 9 RED,-12.0,-2.0,-6.0
859,9 RED - 7 BLUE,9 RED - 7 BLUE,-8.0,-10.0,-6.0
860,9 RED - 7 RED,7 RED - 9 RED,-18.0,-2.0,30.0
861,9 RED - 7 RED,9 RED - 7 RED,-20.0,-10.0,40.0
862,9 RED - 8 BLUE,8 BLUE - 9 RED,-18.0,-2.0,10.0
863,9 RED - 8 BLUE,9 RED - 8 BLUE,-20.0,-10.0,10.0
864,9 RED - 9 BLUE,9 BLUE - 9 RED,-16.0,-2.0,8.0
865,9 RED - 9 BLUE,9 RED - 9 BLUE,-16.0,-10.0,16.0
866,9 RED - Jester,9 RED - Jester,-10.0,22.0,-12.0
867,9 RED - Jester,Jester - 9 RED,-10.0,22.0,-12.0
868,9 RED - Magician,9 RED - Magician,-18.0,-2.0,30.0
869,9 RED - Magician,Magician - 9 RED,-20.0,-10.0,30.0
870,Jester - 1 BLUE,1 BLUE - Jester,14.0,-10.0,-20.0
871,Jester - 1 BLUE,Jester - 1 BLUE,20.0,-10.0,-20.0
872,Jester - 10 BLUE,10 BLUE - Jester,-10.0,14.0,-14.0
873,Jester - 10 BLUE,Jester - 10 BLUE,8.0,-10.0,-20.0
874,Jester - 11 BLUE,11 BLUE - Jester,-4.0,-10.0,-20.0
875,Jester - 11 BLUE,Jester - 11 BLUE,14.0,-10.0,-20.0
876,Jester - 12 BLUE,12 BLUE - Jester,-4.0,14.0,-14.0
877,Jester - 12 BLUE,Jester - 12 BLUE,14.0,-10.0,-20.0
878,Jester - 12 RED,12 RED - Jester,-10.0,22.0,-12.0
879,Jester - 12 RED,Jester - 12 RED,-10.0,22.0,-12.0
880,Jester - 13 BLUE,13 BLUE - Jester,-4.0,6.0,-16.0
881,Jester - 13 BLUE,Jester - 13 BLUE,8.0,-2.0,-18.0
882,Jester - 13 RED,13 RED - Jester,-10.0,30.0,-10.0
883,Jester - 13 RED,Jester - 13 RED,-10.0,30.0,-10.0
884,Jester - 2 BLUE,2 BLUE - Jester,14.0,-10.0,-20.0
885,Jester - 2 BLUE,Jester - 2 BLUE,20.0,-10.0,-20.0
886,Jester - 3 BLUE,3 BLUE - Jester,14.0,-2.0,-18.0
887,Jester - 3 BLUE,Jester - 3 BLUE,20.0,-10.0,-20.0
888,Jester - 4 BLUE,4 BLUE - Jester,8.0,-2.0,-18.0
889,Jester - 4 BLUE,Jester - 4 BLUE,20.0,-10.0,-20.0
890,Jester - 5 BLUE,5 BLUE - Jester,8.0,-2.0,-18.0
891,Jester - 5 BLUE,Jester - 5 BLUE,20.0,-10.0,-20.0
892,Jester - 5 RED,5 RED - Jester,-10.0,14.0,-14.0
893,Jester - 5 RED,Jester - 5 RED,-10.0,14.0,-14.0
894,Jester - 6 BLUE,6 BLUE - Jester,2.0,-2.0,-18.0
895,Jester - 6 BLUE,Jester - 6 BLUE,14.0,-10.0,-20.0
896,Jester - 7 BLUE,7 BLUE - Jester,2.0,-2.0,-18.0
897,Jester - 7 BLUE,Jester - 7 BLUE,20.0,-10.0,-20.0
898,Jester - 8 BLUE,8 BLUE - Jester,-4.0,14.0,-14.0
899,Jester - 8 BLUE,Jester - 8 BLUE,8.0,-10.0,-20.0
900,Jester - 9 BLUE,9 BLUE - Jester,2.0,6.0,-16.0
901,Jester - 9 BLUE,Jester - 9 BLUE,14.0,-10.0,-20.0
902,Jester - Jester,Jester - Jester,20.0,-10.0,-20.0
903,Magician - 1 BLUE,1 BLUE - Magician,-12.0,-10.0,8.0
904,Magician - 1 BLUE,Magician - 1 BLUE,-18.0,-2.0,10.0
905,Magician - 10 BLUE,10 BLUE - Magician,-18.0,-2.0,20.0
906,Magician - 10 BLUE,Magician - 10 BLUE,-20.0,-10.0,20.0
907,Magician - 11 BLUE,11 BLUE - Magician,-18.0,-2.0,10.0
908,Magician - 11 BLUE,Magician - 11 BLUE,-18.0,-2.0,0.0
909,Magician - 12 BLUE,12 BLUE - Magician,-20.0,-10.0,-2.0
910,Magician - 12 BLUE,Magician - 12 BLUE,-20.0,-10.0,0.0
911,Magician - 12 RED,12 RED - Magician,-20.0,-10.0,40.0
912,Magician - 12 RED,Magician - 12 RED,-20.0,-10.0,40.0
913,Magician - 13 BLUE,13 BLUE - Magician,-18.0,-2.0,20.0
914,Magician - 13 BLUE,Magician - 13 BLUE,-18.0,-2.0,20.0
915,Magician - 13 RED,13 RED - Magician,-20.0,-10.0,40.0
916,Magician - 13 RED,Magician - 13 RED,-20.0,-10.0,40.0
917,Magician - 2 BLUE,2 BLUE - Magician,-16.0,6.0,10.0
918,Magician - 2 BLUE,Magician - 2 BLUE,-20.0,-10.0,10.0
919,Magician - 2 RED,2 RED - Magician,-16.0,6.0,20.0
920,Magician - 2 RED,Magician - 2 RED,-20.0,-10.0,20.0
921,Magician - 3 BLUE,3 BLUE - Magician,-10.0,30.0,-10.0
922,Magician - 3 BLUE,Magician - 3 BLUE,-14.0,14.0,-10.0
923,Magician - 4 BLUE,4 BLUE - Magician,-14.0,14.0,0.0
924,Magician - 4 BLUE,Magician - 4 BLUE,-18.0,-2.0,0.0
925,Magician - 5 BLUE,5 BLUE - Magician,-14.0,14.0,0.0
926,Magician - 5 BLUE,Magician - 5 BLUE,-18.0,-2.0,0.0
927,Magician - 5 RED,5 RED - Magician,-20.0,-10.0,30.0
928,Magician - 5 RED,Magician - 5 RED,-20.0,-10.0,30.0
929,Magician - 6 BLUE,6 BLUE - Magician,-16.0,6.0,0.0
930,Magician - 6 BLUE,Magician - 6 BLUE,-18.0,-2.0,-10.0
931,Magician - 7 BLUE,7 BLUE - Magician,-18.0,-10.0,18.0
932,Magician - 7 BLUE,Magician - 7 BLUE,-20.0,-10.0,20.0
933,Magician - 8 BLUE,8 BLUE - Magician,-20.0,-10.0,20.0
934,Magician - 8 BLUE,Magician - 8 BLUE,-18.0,-2.0,20.0
935,Magician - 9 BLUE,9 BLUE - Magician,-16.0,6.0,10.0
936,Magician - 9 BLUE,Magician - 9 BLUE,-18.0,-2.0,10.0
937,Magician - Jester,Jester - Magician,-10.0,30.0,-10.0
938,Magician - Jester,Magician - Jester,-10.0,30.0,-10.0
939,Magician - Magician,Magician - Magician,-20.0,-10.0,40.0
